,content
0,Qatar Airways-Focus on Africa https://t.co/kzUjb3JOdt via @issuu
1,"@qatarairways @Saudi_Airlines @HIAQatar This is beautiful, so happy to see Qatar Airways tweet featuring SAUDIA!

L‚Ä¶ https://t.co/ZLwCIy7I7e"
2,"RT @dohanews: Passengers traveling from Qatar to Saudi Arabia are finally able to after over 3 years of an air, land and sea blockade. Qata‚Ä¶"
3,RT @breakingavnews: Qatar Airways completes first flight to Riyadh since 2017 following reopening of borders. https://t.co/evog0jzkf9 https‚Ä¶
4,RT @AvionRevueInt: Qatar Airways recibi√≥ su 53¬∫ Airbus A350 https://t.co/goCveGqirH https://t.co/hFCBeG1uAH
5,"RT @liberdade_ldr: ""Ah mas a Ford foi pra Argentina""
Ela sempre esteve na Argentina. E ainda bem que ela n√£o vai sair de l√°, pois v√°rias em‚Ä¶"
6,@qatarairways @Saudi_Airlines @HIAQatar Excellent news. Can't wait to resume flying with QATAR Airways.
7,"RT @liberdade_ldr: ""Ah mas a Ford foi pra Argentina""
Ela sempre esteve na Argentina. E ainda bem que ela n√£o vai sair de l√°, pois v√°rias em‚Ä¶"
8,"RT @flights_smart: #SmartFlightTravelUpDate 
Qatar Airways announce  resumption of flights to Saudi Arabia, starting with services to Riyad‚Ä¶"
9,RT @skygoflycom: Qatar Airways Resumes Flights to Riyadh https://t.co/O5KfwH4MdG #qatarairways https://t.co/eCInhapdOn
10,"@monicabergamo Isso aquele pa√≠s comunista sabe que perdeu a Latam Argentina, Qatar Airways, Emirates e Air New Zeal‚Ä¶ https://t.co/toD7uJoMJH"
11,"""Ah mas a Ford foi pra Argentina""
Ela sempre esteve na Argentina. E ainda bem que ela n√£o vai sair de l√°, pois v√°ri‚Ä¶ https://t.co/LnNnOKqwTJ"
12,"@monicabergamo A Basf, Emirates, Qatar Airways, Latam, Pierre Fabre(empresa francesa), A NIKE e diversas outras emp‚Ä¶ https://t.co/cKOBqlzSAz"
13,"Qatar Airways flight #QTR39B spotted at 26,325 feet! https://t.co/JLjEYSGUGd"
14,"@anacronices Mas a Argentina n√£o est√° bem assim n√£o. A Basf, Emirates, Qatar Airways, Latam, Pierre Fabre(empresa f‚Ä¶ https://t.co/WKW9gQEQ4N"
15,"Qatar Airways resumes flights to Riyadh, Jeddah &amp; Dammam, Saudi Arabia - https://t.co/xmr1SobA1O
#airlines #hotels‚Ä¶ https://t.co/u6jPFWpUij"
16,"@bslvra Fala da basf, Nike, Qatar Airways Emirates e diversas outras empresas que abandonaram a Argentina ae!"
17,argh jvois une pub de qatar airways.....
18,@juniorr4I @jihadijonnie @BarcaUniversal @carrusel üíÄüò≠ qatar airways was another tie
19,"Qatar Airways Covid-19 PCR Test Requirements For Saudi Arabia Flights 
#QR #COVID19 #PK #KSA https://t.co/lNrrcXyl7n"
20,Qatar Airways Resumes Flights to Riyadh https://t.co/O5KfwH4MdG #qatarairways https://t.co/eCInhapdOn
21,RT @QNAEnglish: Qatar Airways on Monday resumed flights to Riyadh in the Kingdom of Saudi Arabia with a daily service for the first time si‚Ä¶
22,"Qatar Airways resumes flights to Riyadh 
https://t.co/tnie2j4FZ5"
23,@qatarairways I am an ex-employee of Qatar Airways. Willing to rejoin again. Please consider my request and advise‚Ä¶ https://t.co/Ye6QqTD7IG
24,Qatar Airways resumes flights to Riyadh https://t.co/Gjcq9LLP9b
25,"Qatar Airways resumes flights to Riyadh 
https://t.co/MBG05BD0F5"
26,AERODOVE BLOG: Qatar Airways Resumes Flights To Saudi Arabia https://t.co/Nn1pXJ93l1
27,"@Liv_silly oh i love the juice burgers there....

when 3 years back in 2018 i went to Pakistan it was through Qatar‚Ä¶ https://t.co/x8FWeT4dUp"
28,"RT @LsarowarRBLX2nd: @Airbus @qatarairways I have flown with Qatar Airways on Airbus A350-900 since 2017, it's the first time on plane goin‚Ä¶"
29,"Ex Qatar airways @Airbus A300 fuselage section wall clocks available. 
¬£250 in brushed finish or ¬£350 mirror polish‚Ä¶ https://t.co/cAlQlb2ZaD"
30,RT @QNAEnglish: Qatar Airways on Monday resumed flights to Riyadh in the Kingdom of Saudi Arabia with a daily service for the first time si‚Ä¶
31,RT @breakingavnews: Qatar Airways completes first flight to Riyadh since 2017 following reopening of borders. https://t.co/evog0jzkf9 https‚Ä¶
32,RT @QNAEnglish: Qatar Airways on Monday resumed flights to Riyadh in the Kingdom of Saudi Arabia with a daily service for the first time si‚Ä¶
33,Qatar Airways on Monday resumed flights to Riyadh in the Kingdom of Saudi Arabia with a daily service for the first‚Ä¶ https://t.co/0PPuxsYw40
34,Qatar Airways  —Å –Ω–∞–º–∞–ª–µ–Ω–∏—è –∑–∞ –Ω–µ–∑–∞–±—Ä–∞–≤–∏–º–∏  –î–µ—Ü–∞—Ç–∞ –ø—ä—Ç—É–≤–∞—Ç –±–µ–∑–ø–ª–∞—Ç–Ω–æ —Å Qatar Airways –¥–æ 31 —è–Ω—É–∞—Ä–∏ 2022 –≥* –ø–ª—é—Å —Å–ø–µ—Ü–∏‚Ä¶ https://t.co/FgFQQCSvz5
35,"RT @flights_smart: #SmartFlightTravelUpDate 
Qatar Airways announce  resumption of flights to Saudi Arabia, starting with services to Riyad‚Ä¶"
36,"RT @raj221003: @v1shnuprakash @qatarairways @Airbus If possible, Please avoid Qatar airways as they have worst customer service.I am chasin‚Ä¶"
37,"RT @flights_smart: #SmartFlightTravelUpDate 
Qatar Airways announce  resumption of flights to Saudi Arabia, starting with services to Riyad‚Ä¶"
38,"RT @flights_smart: #SmartFlightTravelUpDate 
Qatar Airways announce  resumption of flights to Saudi Arabia, starting with services to Riyad‚Ä¶"
39,"RT @AgusAwe: Pakai Airbus A350, Qatar Airways Terbang Perdana ke Arab Saudi setelah 3,5 Tahun https://t.co/b0DTj9h82z @qatarairways @QatarN‚Ä¶"
40,"Qatar Airways Promises a Full Year of #Flexibility.

Through December, customers will still be able to amend their‚Ä¶ https://t.co/1R9LmEdUhD"
41,"Qatar Airways ....
@TosinOlugbenga @iamUncleMark @Mendedheart44 @mbahdey4u @HenshawKate https://t.co/iqVYtD9QO3"
42,"#SmartFlightTravelUpDate 
Qatar Airways announce  resumption of flights to Saudi Arabia, starting with services to‚Ä¶ https://t.co/p0uC1L6znz"
43,"RT @FabingerJakov: Qatar Airways drastically downgrades its planned flight operations to Croatia: Dubrovnik-Doha flights all cancelled, Zag‚Ä¶"
44,RT @AvionRevueInt: Qatar Airways recibi√≥ su 53¬∫ Airbus A350 https://t.co/goCveGqirH https://t.co/hFCBeG1uAH
45,Qatar Airways drastically downgrades its planned flight operations to Croatia: Dubrovnik-Doha flights all cancelled‚Ä¶ https://t.co/muHIdso2qf
46,Qatar Airways resumes flights to¬†Riyadh https://t.co/kYw4tb2v2E
47,"RT @dohanews: Passengers traveling from Qatar to Saudi Arabia are finally able to after over 3 years of an air, land and sea blockade. Qata‚Ä¶"
48,"Qatar Airways and LATAM Brasil Expand Codeshare
Gulf carrier also announced additional S√£o Paulo service, now with‚Ä¶ https://t.co/ewX2Xpk3sG"
49,"Qatar Airways and LATAM Brasil Expand Codeshare
Gulf carrier also announced additional S√£o Paulo service, now with‚Ä¶ https://t.co/n6LEGDpDAm"
50,"Qatar Airways flight #QTR8174 spotted at 2,650 feet! https://t.co/muNgToAirs"
51,"@travelgenio hola, tengo billetes sin gastar contratados con vosotros para volar a Tailandia con Qatar Airways, me‚Ä¶ https://t.co/EAm3s9RetB"
52,Qatar Airways Has Drastically Reduced Flights To Croatia https://t.co/4chQ8ShBGf
53,RT @AvionRevueInt: Qatar Airways recibi√≥ su 53¬∫ Airbus A350 https://t.co/goCveGqirH https://t.co/hFCBeG1uAH
54,Qatar Airways resumes flights to Saudi Arabia after three years https://t.co/yDJmE1slYq
55,RT @LovinSaudi_En: The First Qatar Airways Flight Since The Diplomatic Crisis Has Arrived In Riyadh https://t.co/lLxi6Rmbnh https://t.co/h0‚Ä¶
56,"@qatarairways I am a former Qatar Airways staff no.105337 Jainab khan . Used to work in Transfer Desk
And I‚Äôm ready‚Ä¶ https://t.co/eqbIGhh3G0"
57,"LATAM e a√©rea Qatar Airways expandem acordo de codeshare

https://t.co/uTw1uHy3xc"
58,"RT @airwaysmagazine: üåé #NEWS | Today, Qatar Airways (@qatarairways) resumed flights to Riyadh, Saudi Arabia‚Äôs capital, with a daily service‚Ä¶"
59,Arabian Aerospace ‚Äì Qatar Airways resumes flights to Riyadh https://t.co/RpQ0gbwI1e
60,"RT @indoflyer: Qatar Airways kembali terbang ke Riyadh 

Foto: Qatar Airways https://t.co/jxqreOxN2n"
61,@tanyainrl Trus kalo All Nippon Airways apa? Etihad airways? Qatar? Emirates?
62,RT @TanioLatamy: Bez test√≥w i kwarantanny! Egzotyka w ≈õwietnej cenie: tydzie≈Ñ na Zanzibarze za 2782 PLN. Loty 5* Qatar Airways + hotel ze ≈õ‚Ä¶
63,Qatar Airways receives chance for Gulf region airspace https://t.co/kf8NFRnxs1
64,"Qatar Airways dnes poprv√© od roku 2017 letƒõl z Dauh√°üá∂üá¶ do Rij√°duüá∏üá¶To sam√© i leteck√° spoleƒçnost Saudia, kter√° dnes s‚Ä¶ https://t.co/jvF1PdbD4a"
65,Qatar Airways recibi√≥ su 53¬∫ Airbus A350 https://t.co/goCveGqirH https://t.co/hFCBeG1uAH
66,Qatar Airways flight lands in Saudi Arabia for 1st time in years https://t.co/JhzTcJSlJ5 https://t.co/iemCILllfc
67,RT @breakingavnews: Qatar Airways completes first flight to Riyadh since 2017 following reopening of borders. https://t.co/evog0jzkf9 https‚Ä¶
68,The First Qatar Airways Flight Since The Diplomatic Crisis Has Arrived In Riyadh https://t.co/lLxi6Rmbnh https://t.co/h07BkkZ31Q
69,"Qatar Airways flight lands in Saudi Arabia for 1st time in years

https://t.co/v5uONyCSVP

#MNewsWorld #MNews https://t.co/MPNRrg2fS8"
70,"Pakai Airbus A350, Qatar Airways Terbang Perdana ke Arab Saudi setelah 3,5 Tahun https://t.co/b0DTj9h82z‚Ä¶ https://t.co/i8kCm7zWfo"
71,"Qatar Airways, K√∂rfez b√∂lgesi hava sahasƒ± i√ßin ≈üans¬†yakaladƒ± https://t.co/eqX9IXtDhR"
72,The resumption of direct flights between Doha and Riyadh for the first time since 2017 is the latest step towards e‚Ä¶ https://t.co/7vYRfoo1C6
73,Qatar Airways has the best flight info/safety video.
74,RT @breakingavnews: Qatar Airways completes first flight to Riyadh since 2017 following reopening of borders. https://t.co/evog0jzkf9 https‚Ä¶
75,RT @breakingavnews: Qatar Airways completes first flight to Riyadh since 2017 following reopening of borders. https://t.co/evog0jzkf9 https‚Ä¶
76,"Qatar Airways Returns to Riyadh, Saudi¬†Arabia https://t.co/XE2iBEYqaI"
77,@qatarairways I had been part of Qatar Airways since 12 year till blocked is there any opportunity to rejoin as part of KSA again.
78,Qatar Airways resumes flights to Riyadh https://t.co/DdzRxuTBg8
79,"RT @aviacionline: Tras el fin del bloqueo, Qatar Airways retom√≥ su ruta a Arabia Saudita https://t.co/Z29kUzfrZm"
80,"RT @aviacionline: Tras el fin del bloqueo, Qatar Airways retom√≥ su ruta a Arabia Saudita https://t.co/Z29kUzfrZm"
81,"Tras el fin del bloqueo, Qatar Airways retom√≥ su ruta a Arabia Saudita https://t.co/Z29kUzfrZm"
82,RT @breakingavnews: Qatar Airways completes first flight to Riyadh since 2017 following reopening of borders. https://t.co/evog0jzkf9 https‚Ä¶
83,@Rajan09062800 @qatarairways Qatar Airways has worst customer service. They have dedicated team to hassle people an‚Ä¶ https://t.co/zck6JxIqw2
84,"@v1shnuprakash @qatarairways @Airbus If possible, Please avoid Qatar airways as they have worst customer service.I‚Ä¶ https://t.co/bxfzQhjUpr"
85,RT @routesonline: The national carriers of Qatar and Saudi Arabia will this week start adding back scheduled routes between the countries h‚Ä¶
86,@qrsupport @Vixtap78 They have dedicated team to cheat and to steal customer money. Worst customer service of Qatar Airways.
87,The national carriers of Qatar and Saudi Arabia will this week start adding back scheduled routes between the count‚Ä¶ https://t.co/uJMG2NooDW
88,@jihadijonnie @BarcaUniversal @carrusel yes and bring qatar airways back
89,@pierrechenut @qrsupport Qatar airways has worst customer service. I am chasing for my refund last six months. No p‚Ä¶ https://t.co/4mi3sq95Ry
90,@KamrulHasan06 @qrsupport True. Worst airline to travel. Waiting for my refund last six months. No positive outcome‚Ä¶ https://t.co/ffAZSwyudO
91,@v_es_doubleyou @qrsupport Qatar airways has worst customer service. I am struggling for my refund last six months.
92,"#NEWS | Today, Qatar Airways resumed flights to Riyadh, Saudi Arabia‚Äôs capital, with a daily service to the largest‚Ä¶ https://t.co/SPkUd8iLKQ"
93,@KabindraMalla @qrsupport @qatarairways They have dedicated team in place to steal people money. I am waiting for m‚Ä¶ https://t.co/559mYPY5wu
94,RT @breakingavnews: Qatar Airways completes first flight to Riyadh since 2017 following reopening of borders. https://t.co/evog0jzkf9 https‚Ä¶
95,RT @breakingavnews: Qatar Airways completes first flight to Riyadh since 2017 following reopening of borders. https://t.co/evog0jzkf9 https‚Ä¶
96,"RT @raisinganchor: SAUDIA &amp; Qatar Airways resume flight operations between the two nations:

‚Ä¢ Qatar Airways A350-1041 [A7-ANP]
‚Ä¢ SAUDIA A3‚Ä¶"
97,@Mfkhatri2 @qatarairways Qatar airways has worst customer service. I have contacted for my refund during last six m‚Ä¶ https://t.co/pXAWCKL9y9
98,RT @breakingavnews: Qatar Airways completes first flight to Riyadh since 2017 following reopening of borders. https://t.co/evog0jzkf9 https‚Ä¶
99,@MedianoFodbold 8 minutter tog det. Brugte endda 2 af dem p√• at skrive at jeg f.eks. ikke synes I b√∏r indg√• sponsor‚Ä¶ https://t.co/y96PyAacWx
